{
  "mean_ned_by_model": {
    "qwen-2.5-72b": 0.2844297691888732
  },
  "per_model": {
    "qwen-2.5-72b": {
      "mean_ned": 0.2844297691888732,
      "neds": [
        0.772727,
        0.55,
        0.0,
        0.37931,
        0.0,
        0.0,
        0.714286,
        0.0,
        0.6,
        0.0,
        0.0,
        0.0,
        0.0,
        0.0,
        0.0,
        0.413793,
        0.5,
        0.540541,
        0.0,
        0.0,
        0.032258,
        0.0,
        0.382353,
        0.794118,
        0.785714,
        0.628571,
        0.740741,
        0.0,
        0.0,
        0.0,
        0.0,
        0.285714,
        0.448276,
        0.571429,
        0.0,
        0.366667,
        0.166667,
        0.428571,
        0.0,
        0.783784,
        0.0,
        0.0,
        0.725,
        0.766667,
        0.644444,
        0.25,
        0.0,
        0.0,
        0.375,
        0.446809,
        0.0,
        0.351351,
        0.0,
        0.0,
        0.69697,
        0.774194,
        0.387097,
        0.621622,
        0.5,
        0.0,
        0.0,
        0.0,
        0.785714,
        0.0,
        0.407407,
        0.0,
        0.0,
        0.344828,
        0.0,
        0.818182,
        0.0,
        0.285714,
        0.0,
        0.545455,
        0.0,
        0.0,
        0.772727,
        0.0,
        0.0,
        0.463415,
        0.208333,
        0.6,
        0.0,
        0.0,
        0.807692,
        0.0,
        0.333333,
        0.638889,
        0.0,
        0.542857,
        0.0,
        0.315789,
        0.72973,
        0.652174,
        0.333333,
        0.0,
        0.25,
        0.0,
        0.0,
        0.483871,
        0.703704,
        0.735294,
        0.454545,
        0.483871,
        0.774194,
        0.0,
        0.0,
        0.0,
        0.0,
        0.875,
        0.702703,
        0.657143,
        0.72,
        0.0,
        0.0,
        0.0,
        0.333333,
        0.647059,
        0.321429,
        0.589744,
        0.666667,
        0.0,
        0.0,
        0.545455,
        0.413793,
        0.53125,
        0.68,
        0.333333,
        0.0,
        0.756757,
        0.410256,
        0.7,
        0.0,
        0.0,
        0.714286,
        0.714286,
        0.333333,
        0.72093,
        0.0,
        0.0,
        0.0,
        0.607143,
        0.0,
        0.695652,
        0.1875,
        0.0,
        0.913043,
        0.04,
        0.46875,
        0.785714,
        0.0,
        0.366667,
        0.758621,
        0.0,
        0.0,
        0.0,
        0.0,
        0.0,
        0.0,
        0.688889,
        0.0,
        0.0,
        0.0,
        0.0,
        0.0,
        0.205128,
        0.78125,
        0.608696,
        0.333333,
        0.545455,
        0.0,
        0.0,
        0.107143,
        0.0,
        0.628571,
        0.0,
        0.0,
        0.0,
        0.0,
        0.0,
        0.392857,
        0.0,
        0.227273,
        0.888889,
        0.0,
        0.0,
        0.0,
        0.0,
        0.363636,
        0.4375,
        0.0,
        0.454545,
        0.029412,
        0.346154,
        0.647059,
        0.0,
        0.0,
        0.0,
        0.548387,
        0.321429,
        0.25,
        0.0,
        0.0,
        0.4,
        0.0,
        0.0,
        0.826087,
        0.48,
        0.666667,
        0.571429,
        0.461538,
        0.0,
        0.46875,
        0.857143,
        0.0,
        0.0,
        0.0,
        0.310345,
        0.0,
        0.305556,
        0.789474,
        0.0,
        0.384615,
        0.0,
        0.033333,
        0.448276,
        0.617021,
        0.688889,
        0.0,
        0.0,
        0.0,
        0.0,
        0.357143,
        0.333333,
        0.0,
        0.0,
        0.47619,
        0.315789,
        0.62963,
        0.0,
        0.807692,
        0.0,
        0.0,
        0.892857,
        0.0,
        0.0,
        0.294118,
        0.928571,
        0.84375,
        0.0,
        0.3125
      ],