{
  "mean_ned_by_model": {
    "llama-3.3-70b": 0.27347491936689833
  },
  "per_model": {
    "llama-3.3-70b": {
      "mean_ned": 0.27347491936689833,
      "neds": [
        0.043478,
        0.4,
        0.0,
        0.0,
        0.315789,
        0.0,
        0.714286,
        0.0,
        0.555556,
        0.333333,
        0.0,
        0.25,
        0.0,
        0.0,
        0.0,
        0.0,
        0.464286,
        0.540541,
        0.0,
        0.695652,
        0.733333,
        0.0,
        0.382353,
        0.794872,
        0.821429,
        0.4,
        0.740741,
        0.0,
        0.315789,
        0.448276,
        0.75,
        0.625,
        0.448276,
        0.0,
        0.0,
        0.366667,
        0.166667,
        0.428571,
        0.0,
        0.0,
        0.0,
        0.478261,
        0.85,
        0.766667,
        0.644444,
        0.5,
        0.0,
        0.305556,
        0.5,
        0.0,
        0.0,
        0.351351,
        0.0,
        0.586207,
        0.69697,
        0.59375,
        0.208333,
        0.674419,
        0.482759,
        0.0,
        0.0,
        0.0,
        0.0,
        0.0,
        0.0,
        0.0,
        0.0,
        0.0,
        0.0,
        0.818182,
        0.0,
        0.285714,
        0.0,
        0.454545,
        0.0,
        0.382353,
        0.75,
        0.0,
        0.552632,
        0.463415,
        0.208333,
        0.0,
        0.0,
        0.0,
        0.846154,
        0.0,
        0.764706,
        0.611111,
        0.0,
        0.542857,
        0.0,
        0.0,
        0.703704,
        0.652174,
        0.333333,
        0.0,
        0.875,
        0.0,
        0.0,
        0.483871,
        0.0,
        0.72,
        0.454545,
        0.272727,
        0.774194,
        0.0,
        0.0,
        0.0,
        0.0,
        0.875,
        0.702703,
        0.684211,
        0.441176,
        0.0,
        0.333333,
        0.0,
        0.0,
        0.647059,
        0.321429,
        0.589744,
        0.666667,
        0.0,
        0.0,
        0.294118,
        0.724138,
        0.53125,
        0.764706,
        0.333333,
        0.0,
        0.756757,
        0.318182,
        0.032258,
        0.038462,
        0.0,
        0.714286,
        0.714286,
        0.037037,
        0.111111,
        0.0,
        0.0,
        0.0,
        0.607143,
        0.0,
        0.695652,
        0.1875,
        0.454545,
        0.478261,
        0.04,
        0.46875,
        0.897436,
        0.0,
        0.366667,
        0.596491,
        0.0,
        0.0,
        0.0,
        0.0,
        0.727273,
        0.0,
        0.828571,
        0.0,
        0.323529,
        0.0,
        0.0,
        0.0,
        0.0,
        0.8,
        0.451613,
        0.3,
        0.615385,
        0.0,
        0.0,
        0.0,
        0.0,
        0.5,
        0.0,
        0.304348,
        0.259259,
        0.0,
        0.0,
        0.37037,
        0.0,
        0.403509,
        0.888889,
        0.0,
        0.538462,
        0.0,
        0.0,
        0.0,
        0.4375,
        0.0,
        0.454545,
        0.0,
        0.346154,
        0.891892,
        0.0,
        0.8125,
        0.0,
        0.129032,
        0.0,
        0.0,
        0.0,
        0.0,
        0.0,
        0.0,
        0.0,
        0.347826,
        0.48,
        0.666667,
        0.857143,
        0.414634,
        0.0,
        0.448276,
        0.892857,
        0.0,
        0.0,
        0.0,
        0.310345,
        0.0,
        0.4,
        0.708333,
        0.0,
        0.375,
        0.0,
        0.033333,
        0.448276,
        0.617021,
        0.545455,
        0.36,
        0.0,
        0.0,
        0.0,
        0.392857,
        0.333333,
        0.0,
        0.0,
        0.47619,
        0.315789,
        0.62963,
        0.0,
        0.323529,
        0.0,
        0.0,
        0.0,
        0.0,
        0.0,
        0.0,
        0.0,
        0.823529,
        0.0,
        0.3125
      ],