{
  "mean_ned_by_model": {
    "qwen-2.5-7b": 0.3214347889412096
  },
  "per_model": {
    "qwen-2.5-7b": {
      "mean_ned": 0.3214347889412096,
      "neds": [
        0.772727,
        0.55,
        0.0,
        0.0,
        0.315789,
        0.0,
        0.714286,
        0.0,
        0.0,
        0.333333,
        0.0,
        0.25,
        0.0,
        0.32,
        0.9,
        0.0,
        0.454545,
        0.675676,
        0.0,
        0.869565,
        0.733333,
        0.0,
        0.382353,
        0.794872,
        0.285714,
        0.75,
        0.740741,
        0.0,
        0.777778,
        0.0,
        0.576923,
        0.52,
        0.444444,
        0.0,
        0.0,
        0.318182,
        0.166667,
        0.607143,
        0.0,
        0.40625,
        0.0,
        0.0,
        0.954545,
        0.766667,
        0.382979,
        0.5,
        0.0,
        0.0,
        0.407407,
        0.0,
        0.0,
        0.351351,
        0.0,
        0.0,
        0.6875,
        0.826087,
        0.0,
        0.5,
        0.625,
        0.0,
        0.0,
        0.277778,
        0.0,
        0.277778,
        0.0,
        0.0,
        0.0,
        0.344828,
        0.8,
        0.818182,
        0.405405,
        0.0,
        0.0,
        0.545455,
        0.0,
        0.821429,
        0.0,
        0.740741,
        0.0,
        0.0,
        0.368421,
        0.0,
        0.25,
        0.0,
        0.925926,
        0.0,
        0.333333,
        0.88,
        0.0,
        0.542857,
        0.435897,
        0.315789,
        0.869565,
        0.73913,
        0.333333,
        0.0,
        0.714286,
        0.0,
        0.0,
        0.483871,
        0.714286,
        0.735294,
        0.944444,
        0.0,
        0.354839,
        0.0,
        0.0,
        0.0,
        0.25,
        0.875,
        0.810811,
        0.444444,
        0.0,
        0.909091,
        0.0,
        0.0,
        0.333333,
        0.782609,
        0.842105,
        0.589744,
        0.681818,
        0.0,
        0.0,
        0.294118,
        0.758621,
        0.375,
        0.0,
        0.333333,
        0.0,
        0.740741,
        0.0,
        0.9,
        0.730769,
        0.0,
        0.714286,
        0.714286,
        0.296296,
        0.481481,
        0.302326,
        0.0,
        0.0,
        0.555556,
        0.5,
        0.695652,
        0.193548,
        0.0,
        0.913043,
        0.0,
        0.46875,
        0.785714,
        0.0,
        0.366667,
        0.0,
        0.0,
        0.0,
        0.0,
        0.0,
        0.710526,
        0.0,
        0.227273,
        0.475,
        0.0,
        0.0,
        0.0,
        0.0,
        0.205128,
        0.8,
        0.608696,
        0.0,
        0.058824,
        0.0,
        0.0,
        0.0,
        0.0,
        0.611111,
        0.0,
        0.0,
        0.0,
        0.0,
        0.0,
        0.392857,
        0.0,
        0.764706,
        0.851852,
        0.0,
        0.04,
        0.0,
        0.0,
        0.363636,
        0.4375,
        0.0,
        0.454545,
        0.029412,
        0.346154,
        0.647059,
        0.0,
        0.8125,
        0.0,
        0.83871,
        0.321429,
        0.4375,
        0.0,
        0.5,
        0.0,
        0.0,
        0.0,
        0.347826,
        0.48,
        0.666667,
        0.45,
        0.666667,
        0.0,
        0.46875,
        0.571429,
        0.0,
        0.0,
        0.4,
        0.310345,
        0.444444,
        0.4,
        0.789474,
        0.5,
        0.375,
        0.0,
        0.033333,
        0.448276,
        0.617021,
        0.688889,
        0.6,
        0.0,
        0.291667,
        0.0,
        0.75,
        0.333333,
        0.0,
        0.0,
        0.47619,
        0.315789,
        0.722222,
        0.0,
        0.708333,
        0.0,
        0.0,
        0.818182,
        0.794118,
        0.666667,
        0.846154,
        0.928571,
        0.5625,
        0.0,
        0.0
      ],