{
  "mean_ned_by_model": {
    "deepseek": 0.25853029730829097
  },
  "per_model": {
    "deepseek": {
      "mean_ned": 0.25853029730829097,
      "neds": [
        0.086957,
        0.55,
        0.0,
        0.0,
        0.315789,
        0.0,
        0.714286,
        0.0,
        0.0,
        0.333333,
        0.0,
        0.25,
        0.0,
        0.0,
        0.0,
        0.413793,
        0.5,
        0.540541,
        0.0,
        0.695652,
        0.766667,
        0.0,
        0.382353,
        0.794118,
        0.285714,
        0.6,
        0.740741,
        0.0,
        0.0,
        0.0,
        0.75,
        0.52,
        0.448276,
        0.571429,
        0.0,
        0.045455,
        0.166667,
        0.428571,
        0.0,
        0.0,
        0.0,
        0.0,
        0.84,
        0.766667,
        0.644444,
        0.25,
        0.0,
        0.0,
        0.407407,
        0.0,
        0.0,
        0.351351,
        0.413793,
        0.0,
        0.0,
        0.217391,
        0.387097,
        0.625,
        0.5,
        0.0,
        0.0,
        0.0,
        0.0,
        0.0,
        0.0,
        0.0,
        0.0,
        0.344828,
        0.457143,
        0.818182,
        0.0,
        0.0,
        0.0,
        0.428571,
        0.368421,
        0.0,
        0.0,
        0.740741,
        0.0,
        0.0,
        0.208333,
        0.0,
        0.0,
        0.0,
        0.807692,
        0.0,
        0.333333,
        0.6,
        0.0,
        0.542857,
        0.0,
        0.315789,
        0.72973,
        0.304348,
        0.333333,
        0.0,
        0.892857,
        0.0,
        0.0,
        0.483871,
        0.0,
        0.72,
        0.944444,
        0.272727,
        0.774194,
        0.0,
        0.0,
        0.0,
        0.0,
        0.192308,
        0.702703,
        0.5,
        0.321429,
        0.0,
        0.333333,
        0.0,
        0.333333,
        0.647059,
        0.321429,
        0.589744,
        0.681818,
        0.0,
        0.0,
        0.346154,
        0.758621,
        0.53125,
        0.233333,
        0.333333,
        0.0,
        0.774194,
        0.410256,
        0.833333,
        0.594595,
        0.0,
        0.714286,
        0.714286,
        0.296296,
        0.333333,
        0.0,
        0.0,
        0.0,
        0.607143,
        0.0,
        0.695652,
        0.1875,
        0.8,
        0.869565,
        0.451613,
        0.46875,
        0.785714,
        0.0,
        0.366667,
        0.0,
        0.0,
        0.0,
        0.0,
        0.0,
        0.727273,
        0.0,
        0.828571,
        0.0,
        0.323529,
        0.0,
        0.0,
        0.0,
        0.0,
        0.8,
        0.233333,
        0.3,
        0.545455,
        0.0,
        0.0,
        0.0,
        0.0,
        0.5,
        0.0,
        0.304348,
        0.0,
        0.0,
        0.0,
        0.433333,
        0.0,
        0.0,
        0.888889,
        0.0,
        0.0,
        0.0,
        0.0,
        0.0,
        0.4375,
        0.0,
        0.454545,
        0.029412,
        0.346154,
        0.294118,
        0.0,
        0.5625,
        0.0,
        0.129032,
        0.321429,
        0.0,
        0.157895,
        0.0,
        0.4,
        0.689655,
        0.0,
        0.0,
        0.48,
        0.666667,
        0.75,
        0.538462,
        0.0,
        0.448276,
        0.857143,
        0.0,
        0.0,
        0.0,
        0.310345,
        0.0,
        0.305556,
        0.0,
        0.0,
        0.583333,
        0.0,
        0.033333,
        0.448276,
        0.617021,
        0.545455,
        0.296296,
        0.0,
        0.520833,
        0.0,
        0.357143,
        0.0,
        0.0,
        0.0,
        0.642857,
        0.315789,
        0.0,
        0.0,
        0.323529,
        0.0,
        0.0,
        0.0,
        0.0,
        0.0,
        0.846154,
        0.0,
        0.53125,
        0.0,
        0.3125
      ],
      "preds": [
        "token-mixing mechanisms",
        "multi-modal multi-hop question answering",
        "ECG signal classification",
        "federated learning",
        "surgical autonomy",
        "vision-and-language pretraining",
        "pattern classification",
        "video demoireing",
        "causal discovery",
        "single image dehazing",
        "dense retrieval",
        "adversarial detection",
        "on-device learning",
        "semantic change detection",
        "sparse CNN inference",
        "3D reconstruction",
        "cross-lingual textual style transfer",
        "domain adaptation",
        "machine translation",
        "colonoscopy SLAM",
        "latent keypoint GAN",
        "deformable object manipulation",
        "semantic segmentation",
        "multi-agent reinforcement learning",
        "randomized smoothing",
        "Wikipedia biography generation",
        "3D radiology image analysis",
        "reservoir computing",
        "language model fine-tuning",
        "super-resolution",
        "novel view synthesis",
        "image-quality measurement",
        "multi-modal fact verification",
        "piano performance generation",
        "medical question summarization",
        "language model biases",
        "multi-document reading comprehension",
        "machine translation",
        "relation extraction",
        "low-resource machine translation",
        "explainable AI",
        "low-shot generalization",
        "stylized neural rendering",
        "few-shot learning",
        "multilingual sequence-to-sequence pretraining",
        "machine-paraphrased plagiarism",
        "text-to-SQL",
        "semantic change detection",
        "grounded dialogues",
        "combinatorial optimization",
        "low-light video enhancement",
        "unsupervised extractive summarization",
        "single-view 3D reconstruction",
        "graph representation learning",
        "fake fingerprint attacks",
        "Tagalog text parsing",
        "fairness in generative modeling",
        "image feature extraction",
        "goal-directed planning",
        "lexical semantic change detection",
        "automated theorem proving",
        "face anti-spoofing",
        "counterfactual reasoning",
        "summary quality assessment",
        "neural rendering",
        "iris presentation attack detection",
        "hyperspectral image classification",
        "indoor localization",
        "question generation",
        "rough set theory",
        "image super-resolution reconstruction",
        "task-oriented dialog",
        "speech translation",
        "graph metric learning",
        "interpretable semi-supervised learning",
        "self-supervised pre-training",
        "disease screening",
        "neural point-based graphics",
        "design innovation",
        "knowledge distillation",
        "zero-shot cross-lingual named entity recognition",
        "iris recognition",
        "temporal link prediction",
        "emotional voice conversion",
        "natural language models",
        "facial attribute classification",
        "inverse problems",
        "fingerprint quality estimation",
        "parallel text generation",
        "cooperative artificial intelligence",
        "preference-based reinforcement learning",
        "interactive weakly-supervised learning",
        "real-time multi-modal semantic fusion",
        "inverse problems",
        "wide area network intelligence",
        "causal discovery",
        "MoCap datasets augmentation",
        "vision-language transformers",
        "fake news detection",
        "aerial video action recognition",
        "visual question answering",
        "in-bed action recognition",
        "KBQA",
        "novel intent detection",
        "grounded semantics",
        "out-of-distribution generalization",
        "deep reinforcement learning",
        "multilingual translation",
        "fake news detection",
