{
  "mean_ned_by_model": {
    "gpt-4o": 0.33438977469543246
  },
  "per_model": {
    "gpt-4o": {
      "mean_ned": 0.33438977469543246,
      "neds": [
        0.086957,
        0.55,
        0.0,
        0.37931,
        0.0,
        0.0,
        0.714286,
        0.0,
        0.542857,
        0.0,
        0.615385,
        0.0,
        0.37931,
        0.0,
        0.555556,
        0.0,
        0.5,
        0.075,
        0.457143,
        0.833333,
        0.870968,
        0.230769,
        0.382353,
        0.794118,
        0.258065,
        0.451613,
        0.740741,
        0.0,
        0.315789,
        0.0,
        0.0,
        0.625,
        0.448276,
        0.571429,
        0.0,
        0.764706,
        0.166667,
        0.428571,
        0.568182,
        0.372549,
        0.0,
        0.0,
        0.0,
        0.62069,
        0.644444,
        0.0,
        0.0,
        0.0,
        0.666667,
        0.446809,
        0.534483,
        0.351351,
        0.433333,
        0.586207,
        0.69697,
        0.610169,
        0.387097,
        0.674419,
        0.676471,
        0.0,
        0.0,
        0.0,
        0.785714,
        0.277778,
        0.0,
        0.0,
        0.0,
        0.0,
        0.0,
        0.391304,
        0.0,
        0.285714,
        0.37931,
        0.076923,
        0.466667,
        0.282051,
        0.772727,
        0.0,
        0.552632,
        0.463415,
        0.208333,
        0.555556,
        0.25,
        0.446809,
        0.925926,
        0.0,
        0.363636,
        0.638889,
        0.0,
        0.542857,
        0.0,
        0.315789,
        0.771429,
        0.777778,
        0.333333,
        0.0,
        0.636364,
        0.0,
        0.0,
        0.483871,
        0.553571,
        0.72,
        0.454545,
        0.272727,
        0.774194,
        0.0,
        0.0,
        0.0,
        0.296296,
        0.789474,
        0.702703,
        0.647059,
        0.457143,
        0.511628,
        0.0,
        0.0,
        0.333333,
        0.647059,
        0.512821,
        0.589744,
        0.483871,
        0.0,
        0.0,
        0.0,
        0.75,
        0.53125,
        0.04,
        0.780488,
        0.0,
        0.780488,
        0.375,
        0.733333,
        0.655172,
        0.0,
        0.714286,
        0.714286,
        0.386364,
        0.0,
        0.0,
        0.366667,
        0.0,
        0.607143,
        0.333333,
        0.695652,
        0.470588,
        0.454545,
        0.5,
        0.24,
        0.46875,
        0.851064,
        0.305556,
        0.366667,
        0.767442,
        0.0,
        0.0,
        0.0,
        0.0,
        0.710526,
        0.0,
        0.488372,
        0.452381,
        0.323529,
        0.0,
        0.0,
        0.395833,
        0.205128,
        0.8,
        0.638298,
        0.322581,
        0.594595,
        0.0,
        0.0,
        0.342105,
        0.0,
        0.5,
        0.4,
        0.304348,
        0.0,
        0.0,
        0.552632,
        0.433333,
        0.0,
        0.403509,
        0.888889,
        0.0,
        0.0,
        0.428571,
        0.0,
        0.0,
        0.636364,
        0.0,
        0.454545,
        0.0,
        0.346154,
        0.647059,
        0.0,
        0.151515,
        0.0,
        0.0,
        0.325,
        0.25,
        0.157895,
        0.208333,
        0.513514,
        0.689655,
        0.623188,
        0.666667,
        0.48,
        0.666667,
        0.75,
        0.414634,
        0.0,
        0.5,
        0.857143,
        0.0,
        0.0,
        0.0,
        0.310345,
        0.386364,
        0.794872,
        0.657895,
        0.0,
        0.375,
        0.0,
        0.25641,
        0.448276,
        0.787234,
        0.688889,
        0.342105,
        0.0,
        0.0,
        0.0,
        0.658537,
        0.333333,
        0.0,
        0.0,
        0.0,
        0.026316,
        0.482759,
        0.0,
        0.323529,
        0.5,
        0.0,
        0.266667,
        0.306122,
        0.619048,
        0.742857,
        0.365854,
        0.796875,
        0.0,
        0.3125
      ],