{
  "mean_ned_by_model": {
    "gpt-3.5-turbo": 0.3009272328745899
  },
  "per_model": {
    "gpt-3.5-turbo": {
      "mean_ned": 0.3009272328745899,
      "neds": [
        0.5,
        0.55,
        0.0,
        0.0,
        0.315789,
        0.0,
        0.714286,
        0.0,
        0.0,
        0.0,
        0.0,
        0.0,
        0.888889,
        0.0,
        0.9,
        0.413793,
        0.5,
        0.540541,
        0.0,
        0.869565,
        0.733333,
        0.0,
        0.382353,
        0.794118,
        0.785714,
        0.4,
        0.740741,
        0.0,
        0.777778,
        0.0,
        0.75,
        0.238095,
        0.448276,
        0.0,
        0.0,
        0.318182,
        0.3,
        0.428571,
        0.0,
        0.40625,
        0.0,
        0.0,
        0.0,
        0.766667,
        0.644444,
        0.5,
        0.0,
        0.0,
        0.407407,
        0.0,
        0.0,
        0.351351,
        0.210526,
        0.0,
        0.666667,
        0.707317,
        0.0,
        0.5,
        0.625,
        0.0,
        0.0,
        0.0,
        0.0,
        0.821429,
        0.0,
        0.0,
        0.0,
        0.344828,
        0.457143,
        0.818182,
        0.0,
        0.411765,
        0.0,
        0.545455,
        0.0,
        0.0,
        0.0,
        0.0,
        0.0,
        0.0,
        0.208333,
        0.0,
        0.25,
        0.0,
        0.807692,
        0.0,
        0.333333,
        0.88,
        0.375,
        0.542857,
        0.0,
        0.0,
        0.703704,
        0.73913,
        0.0,
        0.0,
        0.464286,
        0.0,
        0.0,
        0.483871,
        0.714286,
        0.809524,
        0.454545,
        0.0,
        0.774194,
        0.0,
        0.0,
        0.0,
        0.25,
        0.458333,
        0.72973,
        0.444444,
        0.344828,
        0.0,
        0.424242,
        0.555556,
        0.333333,
        0.647059,
        0.0,
        0.589744,
        0.814815,
        0.0,
        0.0,
        0.9,
        0.310345,
        0.40625,
        0.64,
        0.333333,
        0.0,
        0.775,
        0.833333,
        0.9,
        0.730769,
        0.0,
        0.714286,
        0.0,
        0.296296,
        0.888889,
        0.302326,
        0.0,
        0.0,
        0.555556,
        0.5,
        0.695652,
        0.1875,
        0.0,
        0.608696,
        0.72,
        0.46875,
        0.571429,
        0.0,
        0.366667,
        0.0,
        0.0,
        0.0,
        0.0,
        0.777778,
        0.166667,
        0.0,
        0.0,
        0.0,
        0.0,
        0.0,
        0.0,
        0.0,
        0.0,
        0.8,
        0.608696,
        0.333333,
        0.545455,
        0.0,
        0.0,
        0.0,
        0.0,
        0.611111,
        0.0,
        0.0,
        0.814815,
        0.0,
        0.0,
        0.37037,
        0.0,
        0.227273,
        0.766667,
        0.0,
        0.375,
        0.0,
        0.0,
        0.363636,
        0.4375,
        0.0,
        0.454545,
        0.029412,
        0.346154,
        0.857143,
        0.0,
        0.5625,
        0.0,
        0.645161,
        0.0,
        0.25,
        0.0,
        0.5,
        0.0,
        0.0,
        0.846154,
        0.826087,
        0.48,
        0.833333,
        0.409091,
        0.538462,
        0.0,
        0.46875,
        0.571429,
        0.0,
        0.0,
        0.0,
        0.310345,
        0.0,
        0.4,
        0.0,
        0.5,
        0.583333,
        0.0,
        0.033333,
        0.448276,
        0.617021,
        0.545455,
        0.6,
        0.0,
        0.291667,
        0.0,
        0.607143,
        0.0,
        0.0,
        0.0,
        0.47619,
        0.315789,
        0.0,
        0.0,
        0.708333,
        0.0,
        0.0,
        0.681818,
        0.0,
        0.666667,
        0.846154,
        0.928571,
        0.84375,
        0.0,
        0.0
      ],
      "preds": [
        "token-mixing",
        "multi-modal multi-hop question answering",
        "ECG signal classification",
        "federated learning",
        "surgical autonomy",
        "Vision-and-Language Pretraining",
        "pattern classification",
        "video demoireing",
        "causal discovery",
        "image dehazing",
        "dense retrieval",
        "adversarial attack detection",
        "tinyML",
        "semantic change detection",
        "video processing",
        "3D reconstruction",
        "cross-lingual textual style transfer",
        "domain adaptation",
        "machine translation",
        "deep SLAM",
        "image generation",
        "deformable object manipulation",
        "semantic segmentation",
        "multi-agent reinforcement learning",
        "adversarial machine learning",
        "text generation",
        "3D radiology image analysis",
        "reservoir computing",
        "natural language processing",
        "super-resolution",
        "novel view synthesis",
        "image-quality metric",
        "multi-modal fact verification",
        "music generation",
        "medical question summarization",
        "language models",
        "reading comprehension",
        "machine translation",
        "relation extraction",
        "machine translation",
        "explainable AI",
        "low-shot generalization",
        "3D scene stylization",
        "few-shot learning",
        "multilingual sequence-to-sequence pretraining",
        "plagiarism detection",
        "text-to-SQL",
        "semantic change detection",
        "grounded dialogues",
        "combinatorial optimization",
        "low-light video enhancement",
        "unsupervised extractive summarization",
        "mesh reconstruction",
        "graph representation learning",
        "fingerprint verification",
        "tokenization, tagging, dependency parsing",
        "generative modeling",
        "image processing",
        "active inference",
        "lexical semantic change detection",
        "automated theorem proving",
        "face anti-spoofing",
        "counterfactual reasoning",
        "automated text summarization",
        "neural rendering",
        "iris presentation attack detection",
        "hyperspectral image classification",
        "indoor localization",
        "question generation",
        "rough set theory",
        "image super-resolution reconstruction",
        "task-oriented dialog understanding",
        "speech translation",
        "graph machine learning",
        "semi-supervised learning",
        "self-supervised pre-training",
        "disease screening",
        "novel view synthesis",
        "design innovation",
        "knowledge distillation",
        "zero-shot cross-lingual named entity recognition",
        "iris recognition",
        "temporal network link prediction",
        "emotional voice conversion",
        "natural language models",
        "facial attribute classification",
        "inverse problems",
        "biometrics",
        "text generation",
        "cooperative artificial intelligence",
        "preference-based reinforcement learning",
        "weakly-supervised learning",
        "multi-modal semantic fusion",
        "image restoration",
        "network intelligence",
        "causal discovery",
        "motion analysis",
        "vision-language transformers",
        "fake news detection",
        "aerial video action recognition",
        "vision-language transformers",
        "action recognition",
        "knowledge base question answering",
        "intent detection",
        "grounded semantics",
        "out-of-distribution generalization",
        "deep reinforcement learning",
        "multilingual translation",
        "fake news identification",
        "deep learning",
        "scheduling with predictions",
        "abstract reasoning",
        "temporal knowledge embeddings",
        "multi-vehicle pursuit",
