{
  "mean_ned_by_model": {
    "llama-3.1-8b": 0.29641218666139385
  },
  "per_model": {
    "llama-3.1-8b": {
      "mean_ned": 0.29641218666139385,
      "neds": [
        0.863636,
        0.55,
        0.0,
        0.0,
        0.315789,
        0.387097,
        0.714286,
        0.0,
        0.0,
        0.0,
        0.0,
        0.25,
        0.0,
        0.0,
        0.0,
        0.0,
        0.5,
        0.540541,
        0.0,
        0.782609,
        0.733333,
        0.0,
        0.382353,
        0.794118,
        0.785714,
        0.4,
        0.740741,
        0.0,
        0.0,
        0.0,
        0.75,
        0.625,
        0.448276,
        0.0,
        0.0,
        0.136364,
        0.7,
        0.428571,
        0.568182,
        0.40625,
        0.0,
        0.826087,
        0.391304,
        0.766667,
        0.512195,
        0.25,
        0.0,
        0.0,
        0.666667,
        0.0,
        0.0,
        0.351351,
        0.227273,
        0.0,
        0.833333,
        0.481481,
        0.0,
        0.621622,
        0.5,
        0.0,
        0.0,
        0.0,
        0.0,
        0.365854,
        0.0,
        0.0,
        0.0,
        0.0,
        0.457143,
        0.818182,
        0.405405,
        0.0,
        0.0,
        0.545455,
        0.0,
        0.382353,
        0.772727,
        0.0,
        0.0,
        0.0,
        0.208333,
        0.0,
        0.0,
        0.0,
        0.925926,
        0.0,
        0.333333,
        0.638889,
        0.0,
        0.542857,
        0.435897,
        0.0,
        0.703704,
        0.652174,
        0.333333,
        0.0,
        0.25,
        0.0,
        0.0,
        0.483871,
        0.193548,
        0.72,
        0.55,
        0.272727,
        0.806452,
        0.0,
        0.0,
        0.0,
        0.25,
        0.192308,
        0.675676,
        0.444444,
        0.441176,
        0.0,
        0.0,
        0.0,
        0.333333,
        0.647059,
        0.421053,
        0.589744,
        0.25,
        0.393939,
        0.322581,
        0.294118,
        0.758621,
        0.53125,
        0.68,
        0.333333,
        0.0,
        0.775,
        0.533333,
        0.9,
        0.1875,
        0.0,
        0.714286,
        0.714286,
        0.333333,
        0.333333,
        0.627907,
        0.0,
        0.0,
        0.555556,
        0.0,
        0.695652,
        0.0,
        0.0,
        0.608696,
        0.04,
        0.46875,
        0.571429,
        0.0,
        0.366667,
        0.0,
        0.0,
        0.0,
        0.0,
        0.0,
        0.0,
        0.0,
        0.828571,
        0.0,
        0.0,
        0.0,
        0.0,
        0.0,
        0.0,
        0.8,
        0.233333,
        0.766667,
        0.823529,
        0.0,
        0.272727,
        0.0,
        0.0,
        0.611111,
        0.0,
        0.0,
        0.814815,
        0.0,
        0.0,
        0.392857,
        0.0,
        0.764706,
        0.766667,
        0.0,
        0.0,
        0.0,
        0.0,
        0.363636,
        0.4375,
        0.0,
        0.454545,
        0.029412,
        0.346154,
        0.647059,
        0.0,
        0.0,
        0.0,
        0.83871,
        0.0,
        0.25,
        0.40625,
        0.0,
        0.0,
        0.0,
        0.0,
        0.666667,
        0.48,
        0.708333,
        0.694444,
        0.414634,
        0.487179,
        0.888889,
        0.928571,
        0.0,
        0.0,
        0.0,
        0.310345,
        0.444444,
        0.4,
        0.6,
        0.0,
        0.375,
        0.0,
        0.033333,
        0.72973,
        0.617021,
        0.545455,
        0.6,
        0.0,
        0.0,
        0.0,
        0.392857,
        0.0,
        0.0,
        0.0,
        0.47619,
        0.473684,
        0.62963,
        0.0,
        0.323529,
        0.0,
        0.0,
        0.818182,
        0.0,
        0.0,
        0.846154,
        0.928571,
        0.5625,
        0.85,
        0.3125
      ],